{"cls_accuracy": 0.123046875, "data_time": 0.0027981499999896187, "eta_seconds": 693.9722124000002, "iteration": 185, "loss_cls": 6.775444507598877, "loss_triplet": 0.2695237398147583, "lr": 0.00028700000000000004, "time": 1.2382423500000073, "total_loss": 7.020238108932972}
{"cls_accuracy": 0.146484375, "data_time": 0.001631200000005606, "eta_seconds": 680.6314139999989, "iteration": 199, "loss_cls": 6.47170090675354, "loss_triplet": 0.266270712018013, "lr": 0.00028700000000000004, "time": 0.9755228500000044, "total_loss": 6.7011507004499435}
{"cls_accuracy": 0.369140625, "data_time": 0.0018718500000147742, "eta_seconds": 529.0978599000006, "iteration": 371, "loss_cls": 4.532356262207031, "loss_triplet": 0.20317750424146652, "lr": 0.00028700000000000004, "time": 0.9957706499999972, "total_loss": 4.736230745911598}
{"cls_accuracy": 0.478515625, "data_time": 0.0010240500000122665, "eta_seconds": 503.8872444999984, "iteration": 399, "loss_cls": 3.812681794166565, "loss_triplet": 0.2092876136302948, "lr": 0.00028700000000000004, "time": 1.0977120000000014, "total_loss": 4.015270411968231}
{"cls_accuracy": 0.603515625, "data_time": 0.0008057000000007974, "eta_seconds": 357.5874551999995, "iteration": 557, "loss_cls": 3.056623697280884, "loss_triplet": 0.18650542199611664, "lr": 0.00028700000000000004, "time": 1.2452970000000505, "total_loss": 3.242720551788807}
{"cls_accuracy": 0.888671875, "data_time": 0.0006602500000099099, "eta_seconds": 317.389479, "iteration": 599, "loss_cls": 1.7726150155067444, "loss_triplet": 0.15908248722553253, "lr": 0.00028700000000000004, "time": 1.1117452500000127, "total_loss": 1.9325283914804459}
{"cls_accuracy": 0.890625, "data_time": 0.0007170000000087384, "eta_seconds": 175.46686650000547, "iteration": 743, "loss_cls": 1.838715672492981, "loss_triplet": 0.1535268872976303, "lr": 0.00028700000000000004, "time": 0.8337056999999959, "total_loss": 1.9923464730381966}
{"cls_accuracy": 0.798828125, "data_time": 0.001987450000001445, "eta_seconds": 121.74163950000121, "iteration": 799, "loss_cls": 2.3512015342712402, "loss_triplet": 0.14062678813934326, "lr": 0.00028700000000000004, "time": 0.8628390000000081, "total_loss": 2.486184060573578}
{"cls_accuracy": 0.966796875, "data_time": 0.002530950000050325, "eta_seconds": 0.0, "iteration": 929, "loss_cls": 1.4323093891143799, "loss_triplet": 0.10224590450525284, "lr": 0.00028700000000000004, "time": 0.8420151500000088, "total_loss": 1.5296850316226482}
{"cls_accuracy": 0.0361328125, "data_time": 0.00020865000004732792, "eta_seconds": 15992.262832200066, "iteration": 92, "loss_cls": 7.899067163467407, "loss_triplet": 0.3922446519136429, "lr": 9.233e-05, "time": 9.042184500000076, "total_loss": 8.290761709213257}
{"cls_accuracy": 0.12109375, "data_time": 0.000939099999982318, "eta_seconds": 15151.79283479995, "iteration": 185, "loss_cls": 6.6781511306762695, "loss_triplet": 0.28992678225040436, "lr": 0.00015092, "time": 9.04859650000003, "total_loss": 6.941905990242958}
{"cls_accuracy": 0.2705078125, "data_time": 0.0006882500000529035, "eta_seconds": 15025.868812000022, "iteration": 199, "loss_cls": 5.573482990264893, "loss_triplet": 0.3001234829425812, "lr": 0.00015974, "time": 9.059446750000006, "total_loss": 5.877441793680191}
{"cls_accuracy": 0.462890625, "data_time": 0.00019095000016022823, "eta_seconds": 14310.262925700075, "iteration": 278, "loss_cls": 4.134093761444092, "loss_triplet": 0.23174181580543518, "lr": 0.00020951000000000002, "time": 9.040788849999899, "total_loss": 4.362472370266914}
{"cls_accuracy": 0.818359375, "data_time": 0.003081400000155554, "eta_seconds": 13464.767738399969, "iteration": 371, "loss_cls": 2.126438617706299, "loss_triplet": 0.16783325374126434, "lr": 0.0002681, "time": 9.036564750000025, "total_loss": 2.2948398366570473}
{"cls_accuracy": 0.427734375, "data_time": 0.001381399999900168, "eta_seconds": 13212.711942000147, "iteration": 399, "loss_cls": 3.9532954692840576, "loss_triplet": 0.19130896031856537, "lr": 0.00028574, "time": 9.051374549999991, "total_loss": 4.1479786187410355}
{"cls_accuracy": 0.62109375, "data_time": 0.002029849999871658, "eta_seconds": 12624.242638500282, "iteration": 464, "loss_cls": 3.2232377529144287, "loss_triplet": 0.16272133588790894, "lr": 0.00032669, "time": 9.047655349999786, "total_loss": 3.387122258543968}
{"cls_accuracy": 0.7421875, "data_time": 0.0012154500000178814, "eta_seconds": 11784.718581300007, "iteration": 557, "loss_cls": 2.5422791242599487, "loss_triplet": 0.15925953537225723, "lr": 0.00034937, "time": 9.062614000000394, "total_loss": 2.70092286914587}
{"cls_accuracy": 0.94921875, "data_time": 0.0030667500000163272, "eta_seconds": 11405.42235000013, "iteration": 599, "loss_cls": 1.559640109539032, "loss_triplet": 0.12248364835977554, "lr": 0.00034937, "time": 9.065409999999702, "total_loss": 1.6848523020744324}
{"cls_accuracy": 0.876953125, "data_time": 0.000940699999773642, "eta_seconds": 10945.414673699708, "iteration": 650, "loss_cls": 1.9149540662765503, "loss_triplet": 0.13719447702169418, "lr": 0.00034937, "time": 9.070515649999379, "total_loss": 2.0451911836862564}
{"cls_accuracy": 0.962890625, "data_time": 0.0034785499997269653, "eta_seconds": 10104.81848460034, "iteration": 743, "loss_cls": 1.4723212122917175, "loss_triplet": 0.10083679109811783, "lr": 0.00034937, "time": 9.061558349999814, "total_loss": 1.5741942450404167}
{"cls_accuracy": 0.9482421875, "data_time": 0.0008545499999854655, "eta_seconds": 9598.242176999931, "iteration": 799, "loss_cls": 1.6182302236557007, "loss_triplet": 0.1071215495467186, "lr": 0.00034937, "time": 9.06566200000043, "total_loss": 1.7248950153589249}
{"cls_accuracy": 0.97265625, "data_time": 0.002046250000148575, "eta_seconds": 9264.03675120007, "iteration": 836, "loss_cls": 1.532177984714508, "loss_triplet": 0.09154324606060982, "lr": 0.00034937, "time": 9.061331399999744, "total_loss": 1.6198519133031368}
{"cls_accuracy": 0.9794921875, "data_time": 0.0011707499998010462, "eta_seconds": 8422.923510000128, "iteration": 929, "loss_cls": 1.5108878016471863, "loss_triplet": 0.08657389879226685, "lr": 0.00034937, "time": 9.066733399999976, "total_loss": 1.5940819345414639}
{"cls_accuracy": 0.982421875, "data_time": 0.0013055999997959589, "eta_seconds": 7788.940020000118, "iteration": 999, "loss_cls": 1.4655937552452087, "loss_triplet": 0.07887766510248184, "lr": 0.00034937, "time": 9.05406045000018, "total_loss": 1.5434575639665127}
{"cls_accuracy": 0.986328125, "data_time": 0.0009076500000446686, "eta_seconds": 7580.527915049857, "iteration": 1022, "loss_cls": 1.4327664971351624, "loss_triplet": 0.07733813673257828, "lr": 0.00034937, "time": 9.053390500000205, "total_loss": 1.5074950009584427}
{"cls_accuracy": 0.9921875, "data_time": 0.0035282500002722372, "eta_seconds": 6739.430330399351, "iteration": 1115, "loss_cls": 1.3423108458518982, "loss_triplet": 0.066567312926054, "lr": 0.00034937, "time": 9.060004849999132, "total_loss": 1.4047434534877539}
{"cls_accuracy": 0.9951171875, "data_time": 0.00033600000006117625, "eta_seconds": 5979.510669000156, "iteration": 1199, "loss_cls": 1.2995970249176025, "loss_triplet": 0.048454003408551216, "lr": 0.00034937, "time": 9.068259050000052, "total_loss": 1.346306685358286}
{"cls_accuracy": 0.9931640625, "data_time": 0.0022079000000303495, "eta_seconds": 5897.9921007001285, "iteration": 1208, "loss_cls": 1.305927038192749, "loss_triplet": 0.05103827454149723, "lr": 0.00034937, "time": 9.06585780000023, "total_loss": 1.3540841601788998}
{"cls_accuracy": 0.994140625, "data_time": 0.0012156499997217907, "eta_seconds": 5055.975838799999, "iteration": 1301, "loss_cls": 1.3875864744186401, "loss_triplet": 0.056360285729169846, "lr": 0.00034937, "time": 9.064132249999602, "total_loss": 1.4424777440726757}
{"cls_accuracy": 0.9931640625, "data_time": 0.0009267000004911097, "eta_seconds": 4213.476135000054, "iteration": 1394, "loss_cls": 1.361072838306427, "loss_triplet": 0.05525452643632889,